Ring0,Ring1,Ring2,Ring3,Ring4,Ring5,Color,size,color,color1,color2,color3,color4,color5,description,description1,description2,description3,description4,description5,state,state1,state2,state3,state4,state5,level,level1,level2,level3,level4,level5,friendlyname,friendlyname1,friendlyname2,friendlyname3,friendlyname4,friendlyname5,hyperlink,hyperlink1,hyperlink2,hyperlink3,hyperlink4,hyperlink5,metadata,metadata1,metadata2,metadata3,metadata4,metadata5
FS,Accounting,SuiteApprovals Enhancements,SuiteApprovals Enhancements,,,Yello,1,#F1B434,#F4C35D,#F7D285,#F9E1AE,#F9E1AE,#F9E1AE,,,,,,,Enable,Enable,Enable,Enable,Enable,Enable,0,0,0,0,0,0,Finance and Operations,Accounting,SuiteApprovals Enhancements,SuiteApprovals Enhancements,,,,https://docs.oracle.com/en/cloud/saas/netsuite/ns-online-help/section_4316104403.html,https://docs.oracle.com/en/cloud/saas/netsuite/ns-online-help/section_1507562099.html,https://docs.oracle.com/en/cloud/saas/netsuite/ns-online-help/section_1507562099.html#subsect_163836521911,,,,,,,,
FS,Accounting,SuiteApprovals Enhancements,Enhancements to Fixed Assets Management (FAM) Diagnostics Portlet,,,Yello,1,#F1B434,#F4C35D,#F7D285,#F9E1AE,#F9E1AE,#F9E1AE,,,,,,,Enable,Enable,Enable,Enable,Enable,Enable,0,0,0,0,0,0,Finance and Operations,Accounting,SuiteApprovals Enhancements,Enhancements to Fixed Assets Management (FAM) Diagnostics Portlet,,,,https://docs.oracle.com/en/cloud/saas/netsuite/ns-online-help/section_4316104403.html,https://docs.oracle.com/en/cloud/saas/netsuite/ns-online-help/section_1507562099.html,https://docs.oracle.com/en/cloud/saas/netsuite/ns-online-help/section_1507562099.html#subsect_163697829447,,,,,,,,
FS,Accounting,SuiteApprovals Enhancements,Budget Transaction Consumed Amount Saved Search Update,,,Yello,1,#F1B434,#F4C35D,#F7D285,#F9E1AE,#F9E1AE,#F9E1AE,,,,,,,Enable,Enable,Enable,Enable,Enable,Enable,0,0,0,0,0,0,Finance and Operations,Accounting,SuiteApprovals Enhancements,Budget Transaction Consumed Amount Saved Search Update,,,,https://docs.oracle.com/en/cloud/saas/netsuite/ns-online-help/section_4316104403.html,https://docs.oracle.com/en/cloud/saas/netsuite/ns-online-help/section_1507562099.html,https://docs.oracle.com/en/cloud/saas/netsuite/ns-online-help/section_1507562099.html#subsect_164931062835,,,,,,,,
FS,Accounting,SuiteApprovals Enhancements,Labor Expense Allocation Now Available in SuiteApp Marketplace,,,Yello,1,#F1B434,#F4C35D,#F7D285,#F9E1AE,#F9E1AE,#F9E1AE,,,,,,,Enable,Enable,Enable,Enable,Enable,Enable,0,0,0,0,0,0,Finance and Operations,Accounting,SuiteApprovals Enhancements,Labor Expense Allocation Now Available in SuiteApp Marketplace,,,,https://docs.oracle.com/en/cloud/saas/netsuite/ns-online-help/section_4316104403.html,https://docs.oracle.com/en/cloud/saas/netsuite/ns-online-help/section_1507562099.html,https://docs.oracle.com/en/cloud/saas/netsuite/ns-online-help/section_1507562099.html#subsect_165059006057,,,,,,,,
FS,Accounting,SuiteApprovals Enhancements,Support for SuitePeople U.S. Payroll in Labor Expense Allocation,,,Yello,1,#F1B434,#F4C35D,#F7D285,#F9E1AE,#F9E1AE,#F9E1AE,,,,,,,Enable,Enable,Enable,Enable,Enable,Enable,0,0,0,0,0,0,Finance and Operations,Accounting,SuiteApprovals Enhancements,Support for SuitePeople U.S. Payroll in Labor Expense Allocation,,,,https://docs.oracle.com/en/cloud/saas/netsuite/ns-online-help/section_4316104403.html,https://docs.oracle.com/en/cloud/saas/netsuite/ns-online-help/section_1507562099.html,https://docs.oracle.com/en/cloud/saas/netsuite/ns-online-help/section_1507562099.html#subsect_165059066672,,,,,,,,
FS,Accounting,Online Donations Now Available in SuiteApp Marketplace,Online Donations Now Available in SuiteApp Marketplace,,,Yello,1,#F1B434,#F4C35D,#F7D285,#F9E1AE,#F9E1AE,#F9E1AE,,,,,,,Enable,Enable,Enable,Enable,Enable,Enable,0,0,0,0,0,0,Finance and Operations,Accounting,Online Donations Now Available in SuiteApp Marketplace,Online Donations Now Available in SuiteApp Marketplace,,,,https://docs.oracle.com/en/cloud/saas/netsuite/ns-online-help/section_4316104403.html,https://docs.oracle.com/en/cloud/saas/netsuite/ns-online-help/section_1545138020.html,https://docs.oracle.com/en/cloud/saas/netsuite/ns-online-help/section_1545138020.html#subsect_164846051519,,,,,,,,
FS,Accounting,Online Donations Now Available in SuiteApp Marketplace,Custom Segments Update in Labor Expense Allocation Preferences,,,Yello,1,#F1B434,#F4C35D,#F7D285,#F9E1AE,#F9E1AE,#F9E1AE,,,,,,,Enable,Enable,Enable,Enable,Enable,Enable,0,0,0,0,0,0,Finance and Operations,Accounting,Online Donations Now Available in SuiteApp Marketplace,Custom Segments Update in Labor Expense Allocation Preferences,,,,https://docs.oracle.com/en/cloud/saas/netsuite/ns-online-help/section_4316104403.html,https://docs.oracle.com/en/cloud/saas/netsuite/ns-online-help/section_1545138020.html,https://docs.oracle.com/en/cloud/saas/netsuite/ns-online-help/section_1545138020.html#subsect_163698073294,,,,,,,,
FS,Accounting,Advanced Localization Features Enhancements,Advanced Localization Features Enhancements,,,Yello,1,#F1B434,#F4C35D,#F7D285,#F9E1AE,#F9E1AE,#F9E1AE,,,,,,,Enable,Enable,Enable,Enable,Enable,Enable,0,0,0,0,0,0,Finance and Operations,Accounting,Advanced Localization Features Enhancements,Advanced Localization Features Enhancements,,,,https://docs.oracle.com/en/cloud/saas/netsuite/ns-online-help/section_4316104403.html,https://docs.oracle.com/en/cloud/saas/netsuite/ns-online-help/section_1521115850.html,https://docs.oracle.com/en/cloud/saas/netsuite/ns-online-help/section_1521115850.html#subsect_162740206508,,,,,,,,
FS,Accounting,Advanced Localization Features Enhancements,Australia Payment Times Report,,,Yello,1,#F1B434,#F4C35D,#F7D285,#F9E1AE,#F9E1AE,#F9E1AE,,,,,,,Enable,Enable,Enable,Enable,Enable,Enable,0,0,0,0,0,0,Finance and Operations,Accounting,Advanced Localization Features Enhancements,Australia Payment Times Report,,,,https://docs.oracle.com/en/cloud/saas/netsuite/ns-online-help/section_4316104403.html,https://docs.oracle.com/en/cloud/saas/netsuite/ns-online-help/section_1521115850.html,https://docs.oracle.com/en/cloud/saas/netsuite/ns-online-help/section_1521115850.html#subsect_cd5_3c4_stb,,,,,,,,
FS,Accounting,Advanced Localization Features Enhancements,ANZ Localization Preferences and Supplier List Updates,,,Yello,1,#F1B434,#F4C35D,#F7D285,#F9E1AE,#F9E1AE,#F9E1AE,,,,,,,Enable,Enable,Enable,Enable,Enable,Enable,0,0,0,0,0,0,Finance and Operations,Accounting,Advanced Localization Features Enhancements,ANZ Localization Preferences and Supplier List Updates,,,,https://docs.oracle.com/en/cloud/saas/netsuite/ns-online-help/section_4316104403.html,https://docs.oracle.com/en/cloud/saas/netsuite/ns-online-help/section_1521115850.html,https://docs.oracle.com/en/cloud/saas/netsuite/ns-online-help/section_1521115850.html#subsect_164025600233,,,,,,,,
FS,Accounting,Advanced Localization Features Enhancements,Belgium Localization Tax Reports Enhancements,,,Yello,1,#F1B434,#F4C35D,#F7D285,#F9E1AE,#F9E1AE,#F9E1AE,,,,,,,Enable,Enable,Enable,Enable,Enable,Enable,0,0,0,0,0,0,Finance and Operations,Accounting,Advanced Localization Features Enhancements,Belgium Localization Tax Reports Enhancements,,,,https://docs.oracle.com/en/cloud/saas/netsuite/ns-online-help/section_4316104403.html,https://docs.oracle.com/en/cloud/saas/netsuite/ns-online-help/section_1521115850.html,https://docs.oracle.com/en/cloud/saas/netsuite/ns-online-help/section_1521115850.html#subsect_164905796271,,,,,,,,
FS,Accounting,Advanced Localization Features Enhancements,Belgium Localization Now Available in SuiteApp Marketplace,,,Yello,1,#F1B434,#F4C35D,#F7D285,#F9E1AE,#F9E1AE,#F9E1AE,,,,,,,Enable,Enable,Enable,Enable,Enable,Enable,0,0,0,0,0,0,Finance and Operations,Accounting,Advanced Localization Features Enhancements,Belgium Localization Now Available in SuiteApp Marketplace,,,,https://docs.oracle.com/en/cloud/saas/netsuite/ns-online-help/section_4316104403.html,https://docs.oracle.com/en/cloud/saas/netsuite/ns-online-help/section_1521115850.html,https://docs.oracle.com/en/cloud/saas/netsuite/ns-online-help/section_1521115850.html#subsect_69095155779,,,,,,,,
FS,Accounting,Advanced Localization Features Enhancements,China Localization Enhancements,,,Yello,1,#F1B434,#F4C35D,#F7D285,#F9E1AE,#F9E1AE,#F9E1AE,,,,,,,Enable,Enable,Enable,Enable,Enable,Enable,0,0,0,0,0,0,Finance and Operations,Accounting,Advanced Localization Features Enhancements,China Localization Enhancements,,,,https://docs.oracle.com/en/cloud/saas/netsuite/ns-online-help/section_4316104403.html,https://docs.oracle.com/en/cloud/saas/netsuite/ns-online-help/section_1521115850.html,https://docs.oracle.com/en/cloud/saas/netsuite/ns-online-help/section_1521115850.html#subsect_164601514884,,,,,,,,
FS,Accounting,Advanced Localization Features Enhancements,Contra Account Sheet,,,Yello,1,#F1B434,#F4C35D,#F7D285,#F9E1AE,#F9E1AE,#F9E1AE,,,,,,,Enable,Enable,Enable,Enable,Enable,Enable,0,0,0,0,0,0,Finance and Operations,Accounting,Advanced Localization Features Enhancements,Contra Account Sheet,,,,https://docs.oracle.com/en/cloud/saas/netsuite/ns-online-help/section_4316104403.html,https://docs.oracle.com/en/cloud/saas/netsuite/ns-online-help/section_1521115850.html,https://docs.oracle.com/en/cloud/saas/netsuite/ns-online-help/section_1521115850.html#subsect_163646126335,,,,,,,,
FS,Accounting,Advanced Localization Features Enhancements,Country-Specific Reports Enhancements,,,Yello,1,#F1B434,#F4C35D,#F7D285,#F9E1AE,#F9E1AE,#F9E1AE,,,,,,,Enable,Enable,Enable,Enable,Enable,Enable,0,0,0,0,0,0,Finance and Operations,Accounting,Advanced Localization Features Enhancements,Country-Specific Reports Enhancements,,,,https://docs.oracle.com/en/cloud/saas/netsuite/ns-online-help/section_4316104403.html,https://docs.oracle.com/en/cloud/saas/netsuite/ns-online-help/section_1521115850.html,https://docs.oracle.com/en/cloud/saas/netsuite/ns-online-help/section_1521115850.html#subsect_164276151423,,,,,,,,
FS,Accounting,Advanced Localization Features Enhancements,Germany Localization Now Available,,,Yello,1,#F1B434,#F4C35D,#F7D285,#F9E1AE,#F9E1AE,#F9E1AE,,,,,,,Enable,Enable,Enable,Enable,Enable,Enable,0,0,0,0,0,0,Finance and Operations,Accounting,Advanced Localization Features Enhancements,Germany Localization Now Available,,,,https://docs.oracle.com/en/cloud/saas/netsuite/ns-online-help/section_4316104403.html,https://docs.oracle.com/en/cloud/saas/netsuite/ns-online-help/section_1521115850.html,https://docs.oracle.com/en/cloud/saas/netsuite/ns-online-help/section_1521115850.html#subsect_165391041793,,,,,,,,
FS,Accounting,Advanced Localization Features Enhancements,India Localization SuiteTax Engine Enhancements,,,Yello,1,#F1B434,#F4C35D,#F7D285,#F9E1AE,#F9E1AE,#F9E1AE,,,,,,,Enable,Enable,Enable,Enable,Enable,Enable,0,0,0,0,0,0,Finance and Operations,Accounting,Advanced Localization Features Enhancements,India Localization SuiteTax Engine Enhancements,,,,https://docs.oracle.com/en/cloud/saas/netsuite/ns-online-help/section_4316104403.html,https://docs.oracle.com/en/cloud/saas/netsuite/ns-online-help/section_1521115850.html,https://docs.oracle.com/en/cloud/saas/netsuite/ns-online-help/section_1521115850.html#subsect_164422210051,,,,,,,,
FS,Accounting,Advanced Localization Features Enhancements,Ireland Localization Enhancements,,,Yello,1,#F1B434,#F4C35D,#F7D285,#F9E1AE,#F9E1AE,#F9E1AE,,,,,,,Enable,Enable,Enable,Enable,Enable,Enable,0,0,0,0,0,0,Finance and Operations,Accounting,Advanced Localization Features Enhancements,Ireland Localization Enhancements,,,,https://docs.oracle.com/en/cloud/saas/netsuite/ns-online-help/section_4316104403.html,https://docs.oracle.com/en/cloud/saas/netsuite/ns-online-help/section_1521115850.html,https://docs.oracle.com/en/cloud/saas/netsuite/ns-online-help/section_1521115850.html#subsect_164484414892,,,,,,,,
FS,Accounting,Advanced Localization Features Enhancements,Japan Localization Enhancements,,,Yello,1,#F1B434,#F4C35D,#F7D285,#F9E1AE,#F9E1AE,#F9E1AE,,,,,,,Enable,Enable,Enable,Enable,Enable,Enable,0,0,0,0,0,0,Finance and Operations,Accounting,Advanced Localization Features Enhancements,Japan Localization Enhancements,,,,https://docs.oracle.com/en/cloud/saas/netsuite/ns-online-help/section_4316104403.html,https://docs.oracle.com/en/cloud/saas/netsuite/ns-online-help/section_1521115850.html,https://docs.oracle.com/en/cloud/saas/netsuite/ns-online-help/section_1521115850.html#subsect_164606262509,,,,,,,,
FS,Accounting,Advanced Localization Features Enhancements,Mexico Foreign Trade,,,Yello,1,#F1B434,#F4C35D,#F7D285,#F9E1AE,#F9E1AE,#F9E1AE,,,,,,,Enable,Enable,Enable,Enable,Enable,Enable,0,0,0,0,0,0,Finance and Operations,Accounting,Advanced Localization Features Enhancements,Mexico Foreign Trade,,,,https://docs.oracle.com/en/cloud/saas/netsuite/ns-online-help/section_4316104403.html,https://docs.oracle.com/en/cloud/saas/netsuite/ns-online-help/section_1521115850.html,https://docs.oracle.com/en/cloud/saas/netsuite/ns-online-help/section_1521115850.html#subsect_162210571849,,,,,,,,
FS,Accounting,Advanced Localization Features Enhancements,Netherlands Localization Enhancements,,,Yello,1,#F1B434,#F4C35D,#F7D285,#F9E1AE,#F9E1AE,#F9E1AE,,,,,,,Enable,Enable,Enable,Enable,Enable,Enable,0,0,0,0,0,0,Finance and Operations,Accounting,Advanced Localization Features Enhancements,Netherlands Localization Enhancements,,,,https://docs.oracle.com/en/cloud/saas/netsuite/ns-online-help/section_4316104403.html,https://docs.oracle.com/en/cloud/saas/netsuite/ns-online-help/section_1521115850.html,https://docs.oracle.com/en/cloud/saas/netsuite/ns-online-help/section_1521115850.html#subsect_164440872562,,,,,,,,
FS,Accounting,Advanced Localization Features Enhancements,Netherlands VAT and WKR Reports Enhancements,,,Yello,1,#F1B434,#F4C35D,#F7D285,#F9E1AE,#F9E1AE,#F9E1AE,,,,,,,Enable,Enable,Enable,Enable,Enable,Enable,0,0,0,0,0,0,Finance and Operations,Accounting,Advanced Localization Features Enhancements,Netherlands VAT and WKR Reports Enhancements,,,,https://docs.oracle.com/en/cloud/saas/netsuite/ns-online-help/section_4316104403.html,https://docs.oracle.com/en/cloud/saas/netsuite/ns-online-help/section_1521115850.html,https://docs.oracle.com/en/cloud/saas/netsuite/ns-online-help/section_1521115850.html#subsect_83135246597,,,,,,,,
FS,Accounting,Advanced Localization Features Enhancements,Norway Tax Reports Enhancements,,,Yello,1,#F1B434,#F4C35D,#F7D285,#F9E1AE,#F9E1AE,#F9E1AE,,,,,,,Enable,Enable,Enable,Enable,Enable,Enable,0,0,0,0,0,0,Finance and Operations,Accounting,Advanced Localization Features Enhancements,Norway Tax Reports Enhancements,,,,https://docs.oracle.com/en/cloud/saas/netsuite/ns-online-help/section_4316104403.html,https://docs.oracle.com/en/cloud/saas/netsuite/ns-online-help/section_1521115850.html,https://docs.oracle.com/en/cloud/saas/netsuite/ns-online-help/section_1521115850.html#subsect_163765373970,,,,,,,,
FS,Accounting,Advanced Localization Features Enhancements,Philippines Invoicing Enhancements,,,Yello,1,#F1B434,#F4C35D,#F7D285,#F9E1AE,#F9E1AE,#F9E1AE,,,,,,,Enable,Enable,Enable,Enable,Enable,Enable,0,0,0,0,0,0,Finance and Operations,Accounting,Advanced Localization Features Enhancements,Philippines Invoicing Enhancements,,,,https://docs.oracle.com/en/cloud/saas/netsuite/ns-online-help/section_4316104403.html,https://docs.oracle.com/en/cloud/saas/netsuite/ns-online-help/section_1521115850.html,https://docs.oracle.com/en/cloud/saas/netsuite/ns-online-help/section_1521115850.html#subsect_14183932054,,,,,,,,
FS,Accounting,Advanced Localization Features Enhancements,Portugal Invoice Certification Enhancements,,,Yello,1,#F1B434,#F4C35D,#F7D285,#F9E1AE,#F9E1AE,#F9E1AE,,,,,,,Enable,Enable,Enable,Enable,Enable,Enable,0,0,0,0,0,0,Finance and Operations,Accounting,Advanced Localization Features Enhancements,Portugal Invoice Certification Enhancements,,,,https://docs.oracle.com/en/cloud/saas/netsuite/ns-online-help/section_4316104403.html,https://docs.oracle.com/en/cloud/saas/netsuite/ns-online-help/section_1521115850.html,https://docs.oracle.com/en/cloud/saas/netsuite/ns-online-help/section_1521115850.html#subsect_163828345807,,,,,,,,
FS,Accounting,Advanced Localization Features Enhancements,Sweden Tax Reports Enhancements,,,Yello,1,#F1B434,#F4C35D,#F7D285,#F9E1AE,#F9E1AE,#F9E1AE,,,,,,,Enable,Enable,Enable,Enable,Enable,Enable,0,0,0,0,0,0,Finance and Operations,Accounting,Advanced Localization Features Enhancements,Sweden Tax Reports Enhancements,,,,https://docs.oracle.com/en/cloud/saas/netsuite/ns-online-help/section_4316104403.html,https://docs.oracle.com/en/cloud/saas/netsuite/ns-online-help/section_1521115850.html,https://docs.oracle.com/en/cloud/saas/netsuite/ns-online-help/section_1521115850.html#subsect_164484482683,,,,,,,,
FS,Accounting,Advanced Localization Features Enhancements,United Kingdom Localization Enhancements,,,Yello,1,#F1B434,#F4C35D,#F7D285,#F9E1AE,#F9E1AE,#F9E1AE,,,,,,,Enable,Enable,Enable,Enable,Enable,Enable,0,0,0,0,0,0,Finance and Operations,Accounting,Advanced Localization Features Enhancements,United Kingdom Localization Enhancements,,,,https://docs.oracle.com/en/cloud/saas/netsuite/ns-online-help/section_4316104403.html,https://docs.oracle.com/en/cloud/saas/netsuite/ns-online-help/section_1521115850.html,https://docs.oracle.com/en/cloud/saas/netsuite/ns-online-help/section_1521115850.html#subsect_163646166754,,,,,,,,
FS,Banking,Cash 360 Enhancements,Cash 360 Enhancements,,,Yello,1,#F1B434,#F4C35D,#F7D285,#F9E1AE,#F9E1AE,#F9E1AE,,,,,,,Enable,Enable,Enable,Enable,Enable,Enable,0,0,0,0,0,0,Finance and Operations,Banking,Cash 360 Enhancements,Cash 360 Enhancements,,,,https://docs.oracle.com/en/cloud/saas/netsuite/ns-online-help/section_4316105394.html,https://docs.oracle.com/en/cloud/saas/netsuite/ns-online-help/section_157913557426.html,https://docs.oracle.com/en/cloud/saas/netsuite/ns-online-help/section_157913557426.html#subsect_nsy_zxf_wtb,,,,,,,,
FS,Banking,Cash 360 Enhancements,Support for SFTP Download Directory Using Absolute Path,,,Yello,1,#F1B434,#F4C35D,#F7D285,#F9E1AE,#F9E1AE,#F9E1AE,,,,,,,Enable,Enable,Enable,Enable,Enable,Enable,0,0,0,0,0,0,Finance and Operations,Banking,Cash 360 Enhancements,Support for SFTP Download Directory Using Absolute Path,,,,https://docs.oracle.com/en/cloud/saas/netsuite/ns-online-help/section_4316105394.html,https://docs.oracle.com/en/cloud/saas/netsuite/ns-online-help/section_157913557426.html,https://docs.oracle.com/en/cloud/saas/netsuite/ns-online-help/section_157913557426.html#subsect_163697952765,,,,,,,,
FS,Banking,Cash 360 Enhancements,Cash 360 Now Available,,,Yello,1,#F1B434,#F4C35D,#F7D285,#F9E1AE,#F9E1AE,#F9E1AE,,,,,,,Enable,Enable,Enable,Enable,Enable,Enable,0,0,0,0,0,0,Finance and Operations,Banking,Cash 360 Enhancements,Cash 360 Now Available,,,,https://docs.oracle.com/en/cloud/saas/netsuite/ns-online-help/section_4316105394.html,https://docs.oracle.com/en/cloud/saas/netsuite/ns-online-help/section_157913557426.html,https://docs.oracle.com/en/cloud/saas/netsuite/ns-online-help/section_157913557426.html#subsect_165344561830,,,,,,,,
FS,Manufacturing,Enhanced Usability for Scanner Flow in Manufacturing Mobile,Enhanced Usability for Scanner Flow in Manufacturing Mobile,,,Yello,1,#F1B434,#F4C35D,#F7D285,#F9E1AE,#F9E1AE,#F9E1AE,,,,,,,Enable,Enable,Enable,Enable,Enable,Enable,0,0,0,0,0,0,Finance and Operations,Manufacturing,Enhanced Usability for Scanner Flow in Manufacturing Mobile,Enhanced Usability for Scanner Flow in Manufacturing Mobile,,,,https://docs.oracle.com/en/cloud/saas/netsuite/ns-online-help/section_1529087731.html,https://docs.oracle.com/en/cloud/saas/netsuite/ns-online-help/section_1508932552.html,https://docs.oracle.com/en/cloud/saas/netsuite/ns-online-help/section_1508932552.html#subsect_163769602317,,,,,,,,
FS,Manufacturing,Enhanced Usability for Scanner Flow in Manufacturing Mobile,FEFO Lot Assignments Enhancements,,,Yello,1,#F1B434,#F4C35D,#F7D285,#F9E1AE,#F9E1AE,#F9E1AE,,,,,,,Enable,Enable,Enable,Enable,Enable,Enable,0,0,0,0,0,0,Finance and Operations,Manufacturing,Enhanced Usability for Scanner Flow in Manufacturing Mobile,FEFO Lot Assignments Enhancements,,,,https://docs.oracle.com/en/cloud/saas/netsuite/ns-online-help/section_1529087731.html,https://docs.oracle.com/en/cloud/saas/netsuite/ns-online-help/section_1508932552.html,https://docs.oracle.com/en/cloud/saas/netsuite/ns-online-help/section_1508932552.html#subsect_164664373567,,,,,,,,
FS,Manufacturing,Enhanced Usability for Scanner Flow in Manufacturing Mobile,Lot Auto Numbering Enhancements,,,Yello,1,#F1B434,#F4C35D,#F7D285,#F9E1AE,#F9E1AE,#F9E1AE,,,,,,,Enable,Enable,Enable,Enable,Enable,Enable,0,0,0,0,0,0,Finance and Operations,Manufacturing,Enhanced Usability for Scanner Flow in Manufacturing Mobile,Lot Auto Numbering Enhancements,,,,https://docs.oracle.com/en/cloud/saas/netsuite/ns-online-help/section_1529087731.html,https://docs.oracle.com/en/cloud/saas/netsuite/ns-online-help/section_1508932552.html,https://docs.oracle.com/en/cloud/saas/netsuite/ns-online-help/section_1508932552.html#subsect_164906387144,,,,,,,,
FS,Manufacturing,Enhanced Usability for Scanner Flow in Manufacturing Mobile,Static Route Management Enhancement,,,Yello,1,#F1B434,#F4C35D,#F7D285,#F9E1AE,#F9E1AE,#F9E1AE,,,,,,,Enable,Enable,Enable,Enable,Enable,Enable,0,0,0,0,0,0,Finance and Operations,Manufacturing,Enhanced Usability for Scanner Flow in Manufacturing Mobile,Static Route Management Enhancement,,,,https://docs.oracle.com/en/cloud/saas/netsuite/ns-online-help/section_1529087731.html,https://docs.oracle.com/en/cloud/saas/netsuite/ns-online-help/section_1508932552.html,https://docs.oracle.com/en/cloud/saas/netsuite/ns-online-help/section_1508932552.html#subsect_165147843313,,,,,,,,
FS,Commerce Sales and Marketing,Commerce Marketing,Commerce Marketing,,,Yello,1,#F1B434,#F4C35D,#F7D285,#F9E1AE,#F9E1AE,#F9E1AE,,,,,,,Enable,Enable,Enable,Enable,Enable,Enable,0,0,0,0,0,0,Finance and Operations,Commerce Sales and Marketing,Commerce Marketing,Commerce Marketing,,,,https://docs.oracle.com/en/cloud/saas/netsuite/ns-online-help/section_160417952641.html,https://docs.oracle.com/en/cloud/saas/netsuite/ns-online-help/section_160417952641.html,https://docs.oracle.com/en/cloud/saas/netsuite/ns-online-help/section_160417952641.html#subsect_163697176712,,,,,,,,
FS,SC/SCMA/SCA  SuiteCommerce Solutions,SMT Areas Added to Base Theme,SMT Areas Added to Base Theme,,,Yello,1,#F1B434,#F4C35D,#F7D285,#F9E1AE,#F9E1AE,#F9E1AE,,,,,,,Enable,Enable,Enable,Enable,Enable,Enable,0,0,0,0,0,0,Finance and Operations,SC/SCMA/SCA  SuiteCommerce Solutions,SMT Areas Added to Base Theme,SMT Areas Added to Base Theme,,,,https://docs.oracle.com/en/cloud/saas/netsuite/ns-online-help/section_N3945981.html,https://docs.oracle.com/en/cloud/saas/netsuite/ns-online-help/section_163724000722.html,https://docs.oracle.com/en/cloud/saas/netsuite/ns-online-help/section_163724000722.html#subsect_163758054771,,,,,,,,
FS,SC/SCMA/SCA  SuiteCommerce Solutions,SMT Areas Added to Base Theme,Internet Explorer 11 No Longer Supported,,,Yello,1,#F1B434,#F4C35D,#F7D285,#F9E1AE,#F9E1AE,#F9E1AE,,,,,,,Enable,Enable,Enable,Enable,Enable,Enable,0,0,0,0,0,0,Finance and Operations,SC/SCMA/SCA  SuiteCommerce Solutions,SMT Areas Added to Base Theme,Internet Explorer 11 No Longer Supported,,,,https://docs.oracle.com/en/cloud/saas/netsuite/ns-online-help/section_N3945981.html,https://docs.oracle.com/en/cloud/saas/netsuite/ns-online-help/section_163724000722.html,https://docs.oracle.com/en/cloud/saas/netsuite/ns-online-help/section_163724000722.html#subsect_164011481283,,,,,,,,
FS,SC/SCMA/SCA  SuiteCommerce Solutions,SMT Areas Added to Base Theme,Configuration Properties Updates,,,Yello,1,#F1B434,#F4C35D,#F7D285,#F9E1AE,#F9E1AE,#F9E1AE,,,,,,,Enable,Enable,Enable,Enable,Enable,Enable,0,0,0,0,0,0,Finance and Operations,SC/SCMA/SCA  SuiteCommerce Solutions,SMT Areas Added to Base Theme,Configuration Properties Updates,,,,https://docs.oracle.com/en/cloud/saas/netsuite/ns-online-help/section_N3945981.html,https://docs.oracle.com/en/cloud/saas/netsuite/ns-online-help/section_163724000722.html,https://docs.oracle.com/en/cloud/saas/netsuite/ns-online-help/section_163724000722.html#subsect_163724167919,,,,,,,,
FS,SC/SCMA/SCA  SuiteCommerce Solutions,SMT Areas Added to Base Theme,Node.js Requirement,,,Yello,1,#F1B434,#F4C35D,#F7D285,#F9E1AE,#F9E1AE,#F9E1AE,,,,,,,Enable,Enable,Enable,Enable,Enable,Enable,0,0,0,0,0,0,Finance and Operations,SC/SCMA/SCA  SuiteCommerce Solutions,SMT Areas Added to Base Theme,Node.js Requirement,,,,https://docs.oracle.com/en/cloud/saas/netsuite/ns-online-help/section_N3945981.html,https://docs.oracle.com/en/cloud/saas/netsuite/ns-online-help/section_163724000722.html,https://docs.oracle.com/en/cloud/saas/netsuite/ns-online-help/section_163724000722.html#subsect_163724164693,,,,,,,,
FS,SC/SCMA/SCA  SuiteCommerce Solutions,SMT Areas Added to Base Theme,Third-Party Library Updates,,,Yello,1,#F1B434,#F4C35D,#F7D285,#F9E1AE,#F9E1AE,#F9E1AE,,,,,,,Enable,Enable,Enable,Enable,Enable,Enable,0,0,0,0,0,0,Finance and Operations,SC/SCMA/SCA  SuiteCommerce Solutions,SMT Areas Added to Base Theme,Third-Party Library Updates,,,,https://docs.oracle.com/en/cloud/saas/netsuite/ns-online-help/section_N3945981.html,https://docs.oracle.com/en/cloud/saas/netsuite/ns-online-help/section_163724000722.html,https://docs.oracle.com/en/cloud/saas/netsuite/ns-online-help/section_163724000722.html#subsect_163724169435,,,,,,,,
FS,SC/SCMA/SCA  SuiteCommerce Solutions,SMT Areas Added to Base Theme,Issue Fixes,,,Yello,1,#F1B434,#F4C35D,#F7D285,#F9E1AE,#F9E1AE,#F9E1AE,,,,,,,Enable,Enable,Enable,Enable,Enable,Enable,0,0,0,0,0,0,Finance and Operations,SC/SCMA/SCA  SuiteCommerce Solutions,SMT Areas Added to Base Theme,Issue Fixes,,,,https://docs.oracle.com/en/cloud/saas/netsuite/ns-online-help/section_N3945981.html,https://docs.oracle.com/en/cloud/saas/netsuite/ns-online-help/section_163724000722.html,https://docs.oracle.com/en/cloud/saas/netsuite/ns-online-help/section_163724000722.html#subsect_163724171221,,,,,,,,
FS,SC/SCMA/SCA  SuiteCommerce Solutions,2022.1.2 Minor Release of SuiteCommerce SuiteCommerce MyAccount and SuiteCommerce Advanced,2022.1.2 Minor Release of SuiteCommerce SuiteCommerce MyAccount and SuiteCommerce Advanced,,,Yello,1,#F1B434,#F4C35D,#F7D285,#F9E1AE,#F9E1AE,#F9E1AE,,,,,,,Enable,Enable,Enable,Enable,Enable,Enable,0,0,0,0,0,0,Finance and Operations,SC/SCMA/SCA  SuiteCommerce Solutions,2022.1.2 Minor Release of SuiteCommerce SuiteCommerce MyAccount and SuiteCommerce Advanced,2022.1.2 Minor Release of SuiteCommerce SuiteCommerce MyAccount and SuiteCommerce Advanced,,,,https://docs.oracle.com/en/cloud/saas/netsuite/ns-online-help/section_N3945981.html,https://docs.oracle.com/en/cloud/saas/netsuite/ns-online-help/section_163724136597.html,https://docs.oracle.com/en/cloud/saas/netsuite/ns-online-help/section_163724136597.html#subsect_060202415354,,,,,,,,
FS,SC/SCMA/SCA  SuiteCommerce Solutions,2022.1.2 Minor Release of SuiteCommerce SuiteCommerce MyAccount and SuiteCommerce Advanced,2022.1.1 Minor Release of SuiteCommerce SuiteCommerce MyAccount and SuiteCommerce Advanced,,,Yello,1,#F1B434,#F4C35D,#F7D285,#F9E1AE,#F9E1AE,#F9E1AE,,,,,,,Enable,Enable,Enable,Enable,Enable,Enable,0,0,0,0,0,0,Finance and Operations,SC/SCMA/SCA  SuiteCommerce Solutions,2022.1.2 Minor Release of SuiteCommerce SuiteCommerce MyAccount and SuiteCommerce Advanced,2022.1.1 Minor Release of SuiteCommerce SuiteCommerce MyAccount and SuiteCommerce Advanced,,,,https://docs.oracle.com/en/cloud/saas/netsuite/ns-online-help/section_N3945981.html,https://docs.oracle.com/en/cloud/saas/netsuite/ns-online-help/section_163724136597.html,https://docs.oracle.com/en/cloud/saas/netsuite/ns-online-help/section_163724136597.html#subsect_163724180961,,,,,,,,
FS,SuiteCommerce InStore,Transaction Recovery,Release Summary,,,Yello,1,#F1B434,#F4C35D,#F7D285,#F9E1AE,#F9E1AE,#F9E1AE,,,,,,,Enable,Enable,Enable,Enable,Enable,Enable,0,0,0,0,0,0,Finance and Operations,SuiteCommerce InStore,Transaction Recovery,Release Summary,,,,https://docs.oracle.com/en/cloud/saas/netsuite/ns-online-help/section_161833073156.html,https://docs.oracle.com/en/cloud/saas/netsuite/ns-online-help/section_161833073156.html,https://docs.oracle.com/en/cloud/saas/netsuite/ns-online-help/section_161833073156.html#subsect_163697677193,,,,,,,,
MS,Employee Management,Employee Record Gender Field Enhancements,Employee Record Gender Field Enhancements,,,Purple,1,#9949C0,#9F5CC0,#B27CCC,#C59DD9,#D8BDE5,#EBDEF2,,,,,,,Enable,Enable,Enable,Enable,Enable,Enable,0,0,0,0,0,0,Management Services,Employee Management,Employee Record Gender Field Enhancements,Employee Record Gender Field Enhancements,,,,https://docs.oracle.com/en/cloud/saas/netsuite/ns-online-help/section_4316104783.html,https://docs.oracle.com/en/cloud/saas/netsuite/ns-online-help/section_4316104783.html,https://docs.oracle.com/en/cloud/saas/netsuite/ns-online-help/section_4316104783.html#subsect_163718569224,,,,,,,,
MS,Employee Management,Employee Record Gender Field Enhancements,Performance Management Enhancements,,,Purple,1,#9949C0,#9F5CC0,#B27CCC,#C59DD9,#D8BDE5,#EBDEF2,,,,,,,Enable,Enable,Enable,Enable,Enable,Enable,0,0,0,0,0,0,Management Services,Employee Management,Employee Record Gender Field Enhancements,Performance Management Enhancements,,,,https://docs.oracle.com/en/cloud/saas/netsuite/ns-online-help/section_4316104783.html,https://docs.oracle.com/en/cloud/saas/netsuite/ns-online-help/section_4316104783.html,https://docs.oracle.com/en/cloud/saas/netsuite/ns-online-help/section_4316104783.html#subsect_163716577588,,,,,,,,
MS,Employee Management,Employee Record Gender Field Enhancements,REST API for Time Bill,,,Purple,1,#9949C0,#9F5CC0,#B27CCC,#C59DD9,#D8BDE5,#EBDEF2,,,,,,,Enable,Enable,Enable,Enable,Enable,Enable,0,0,0,0,0,0,Management Services,Employee Management,Employee Record Gender Field Enhancements,REST API for Time Bill,,,,https://docs.oracle.com/en/cloud/saas/netsuite/ns-online-help/section_4316104783.html,https://docs.oracle.com/en/cloud/saas/netsuite/ns-online-help/section_4316104783.html,https://docs.oracle.com/en/cloud/saas/netsuite/ns-online-help/section_4316104783.html#subsect_163775354262,,,,,,,,
MS,Inventory Management,New Supply Allocation Pop-up Window,New Supply Allocation Pop-up Window,,,Purple,1,#9949C0,#9F5CC0,#B27CCC,#C59DD9,#D8BDE5,#EBDEF2,,,,,,,Enable,Enable,Enable,Enable,Enable,Enable,0,0,0,0,0,0,Management Services,Inventory Management,New Supply Allocation Pop-up Window,New Supply Allocation Pop-up Window,,,,https://docs.oracle.com/en/cloud/saas/netsuite/ns-online-help/section_1508852924.html,https://docs.oracle.com/en/cloud/saas/netsuite/ns-online-help/section_1508852924.html,https://docs.oracle.com/en/cloud/saas/netsuite/ns-online-help/section_1508852924.html#subsect_163700222358,,,,,,,,
MS,Inventory Management,New Supply Allocation Pop-up Window,Supply Planning Enhancements,,,Purple,1,#9949C0,#9F5CC0,#B27CCC,#C59DD9,#D8BDE5,#EBDEF2,,,,,,,Enable,Enable,Enable,Enable,Enable,Enable,0,0,0,0,0,0,Management Services,Inventory Management,New Supply Allocation Pop-up Window,Supply Planning Enhancements,,,,https://docs.oracle.com/en/cloud/saas/netsuite/ns-online-help/section_1508852924.html,https://docs.oracle.com/en/cloud/saas/netsuite/ns-online-help/section_1508852924.html,https://docs.oracle.com/en/cloud/saas/netsuite/ns-online-help/section_1508852924.html#subsect_163697540290,,,,,,,,
MS,Inventory Management,New Supply Allocation Pop-up Window,Warehouse Management Enhancements,,,Purple,1,#9949C0,#9F5CC0,#B27CCC,#C59DD9,#D8BDE5,#EBDEF2,,,,,,,Enable,Enable,Enable,Enable,Enable,Enable,0,0,0,0,0,0,Management Services,Inventory Management,New Supply Allocation Pop-up Window,Warehouse Management Enhancements,,,,https://docs.oracle.com/en/cloud/saas/netsuite/ns-online-help/section_1508852924.html,https://docs.oracle.com/en/cloud/saas/netsuite/ns-online-help/section_1508852924.html,https://docs.oracle.com/en/cloud/saas/netsuite/ns-online-help/section_1508852924.html#subsect_163769041154,,,,,,,,
MS,Inventory Management,New On-demand Inspection Queue Capability in Quality Management,New On-demand Inspection Queue Capability in Quality Management,,,Purple,1,#9949C0,#9F5CC0,#B27CCC,#C59DD9,#D8BDE5,#EBDEF2,,,,,,,Enable,Enable,Enable,Enable,Enable,Enable,0,0,0,0,0,0,Management Services,Inventory Management,New On-demand Inspection Queue Capability in Quality Management,New On-demand Inspection Queue Capability in Quality Management,,,,https://docs.oracle.com/en/cloud/saas/netsuite/ns-online-help/section_1508852924.html,https://docs.oracle.com/en/cloud/saas/netsuite/ns-online-help/section_1508778865.html,https://docs.oracle.com/en/cloud/saas/netsuite/ns-online-help/section_1508778865.html#subsect_163769304934,,,,,,,,
MS,Inventory Management,New On-demand Inspection Queue Capability in Quality Management,Quality Management Enhancements,,,Purple,1,#9949C0,#9F5CC0,#B27CCC,#C59DD9,#D8BDE5,#EBDEF2,,,,,,,Enable,Enable,Enable,Enable,Enable,Enable,0,0,0,0,0,0,Management Services,Inventory Management,New On-demand Inspection Queue Capability in Quality Management,Quality Management Enhancements,,,,https://docs.oracle.com/en/cloud/saas/netsuite/ns-online-help/section_1508852924.html,https://docs.oracle.com/en/cloud/saas/netsuite/ns-online-help/section_1508778865.html,https://docs.oracle.com/en/cloud/saas/netsuite/ns-online-help/section_1508778865.html#subsect_163769327063,,,,,,,,
MS,Inventory Management,New On-demand Inspection Queue Capability in Quality Management,SCM Mobile Enhancements,,,Purple,1,#9949C0,#9F5CC0,#B27CCC,#C59DD9,#D8BDE5,#EBDEF2,,,,,,,Enable,Enable,Enable,Enable,Enable,Enable,0,0,0,0,0,0,Management Services,Inventory Management,New On-demand Inspection Queue Capability in Quality Management,SCM Mobile Enhancements,,,,https://docs.oracle.com/en/cloud/saas/netsuite/ns-online-help/section_1508852924.html,https://docs.oracle.com/en/cloud/saas/netsuite/ns-online-help/section_1508778865.html,https://docs.oracle.com/en/cloud/saas/netsuite/ns-online-help/section_1508778865.html#subsect_163698000172,,,,,,,,
MS,Order Management,Exclude February 29 When Prorating by Days or Months Preference,Exclude February 29 When Prorating by Days or Months Preference,,,Purple,1,#9949C0,#9F5CC0,#B27CCC,#C59DD9,#D8BDE5,#EBDEF2,,,,,,,Enable,Enable,Enable,Enable,Enable,Enable,0,0,0,0,0,0,Management Services,Order Management,Exclude February 29 When Prorating by Days or Months Preference,Exclude February 29 When Prorating by Days or Months Preference,,,,https://docs.oracle.com/en/cloud/saas/netsuite/ns-online-help/section_4316104540.html,https://docs.oracle.com/en/cloud/saas/netsuite/ns-online-help/section_4316104540.html,https://docs.oracle.com/en/cloud/saas/netsuite/ns-online-help/section_4316104540.html#subsect_163779508884,,,,,,,,
MS,Order Management,Exclude February 29 When Prorating by Days or Months Preference,Subscription Line Revision Record Now Includes End Date,,,Purple,1,#9949C0,#9F5CC0,#B27CCC,#C59DD9,#D8BDE5,#EBDEF2,,,,,,,Enable,Enable,Enable,Enable,Enable,Enable,0,0,0,0,0,0,Management Services,Order Management,Exclude February 29 When Prorating by Days or Months Preference,Subscription Line Revision Record Now Includes End Date,,,,https://docs.oracle.com/en/cloud/saas/netsuite/ns-online-help/section_4316104540.html,https://docs.oracle.com/en/cloud/saas/netsuite/ns-online-help/section_4316104540.html,https://docs.oracle.com/en/cloud/saas/netsuite/ns-online-help/section_4316104540.html#subsect_163779648902,,,,,,,,
MS,Order Management,Bulk Customer Payments,Bulk Customer Payments,,,Purple,1,#9949C0,#9F5CC0,#B27CCC,#C59DD9,#D8BDE5,#EBDEF2,,,,,,,Enable,Enable,Enable,Enable,Enable,Enable,0,0,0,0,0,0,Management Services,Order Management,Bulk Customer Payments,Bulk Customer Payments,,,,https://docs.oracle.com/en/cloud/saas/netsuite/ns-online-help/section_4316104540.html,https://docs.oracle.com/en/cloud/saas/netsuite/ns-online-help/section_1508778720.html,https://docs.oracle.com/en/cloud/saas/netsuite/ns-online-help/section_1508778720.html#subsect_163762915109,,,,,,,,
MS,Order Management,Bulk Customer Payments,Electronic Bank Payment Enhancements,,,Purple,1,#9949C0,#9F5CC0,#B27CCC,#C59DD9,#D8BDE5,#EBDEF2,,,,,,,Enable,Enable,Enable,Enable,Enable,Enable,0,0,0,0,0,0,Management Services,Order Management,Bulk Customer Payments,Electronic Bank Payment Enhancements,,,,https://docs.oracle.com/en/cloud/saas/netsuite/ns-online-help/section_4316104540.html,https://docs.oracle.com/en/cloud/saas/netsuite/ns-online-help/section_1508778720.html,https://docs.oracle.com/en/cloud/saas/netsuite/ns-online-help/section_1508778720.html#subsect_163777216000,,,,,,,,
MS,Order Management,Bulk Customer Payments,Pack Station Enhancements,,,Purple,1,#9949C0,#9F5CC0,#B27CCC,#C59DD9,#D8BDE5,#EBDEF2,,,,,,,Enable,Enable,Enable,Enable,Enable,Enable,0,0,0,0,0,0,Management Services,Order Management,Bulk Customer Payments,Pack Station Enhancements,,,,https://docs.oracle.com/en/cloud/saas/netsuite/ns-online-help/section_4316104540.html,https://docs.oracle.com/en/cloud/saas/netsuite/ns-online-help/section_1508778720.html,https://docs.oracle.com/en/cloud/saas/netsuite/ns-online-help/section_1508778720.html#subsect_163769217492,,,,,,,,
MS,Order Management,Bulk Customer Payments,SFTP Connector Enhancements,,,Purple,1,#9949C0,#9F5CC0,#B27CCC,#C59DD9,#D8BDE5,#EBDEF2,,,,,,,Enable,Enable,Enable,Enable,Enable,Enable,0,0,0,0,0,0,Management Services,Order Management,Bulk Customer Payments,SFTP Connector Enhancements,,,,https://docs.oracle.com/en/cloud/saas/netsuite/ns-online-help/section_4316104540.html,https://docs.oracle.com/en/cloud/saas/netsuite/ns-online-help/section_1508778720.html,https://docs.oracle.com/en/cloud/saas/netsuite/ns-online-help/section_1508778720.html#section_164423178924,,,,,,,,
MS,Projects,Advanced Project Budgets Enhancements,Advanced Project Budgets Enhancements,,,Purple,1,#9949C0,#9F5CC0,#B27CCC,#C59DD9,#D8BDE5,#EBDEF2,,,,,,,Enable,Enable,Enable,Enable,Enable,Enable,0,0,0,0,0,0,Management Services,Projects,Advanced Project Budgets Enhancements,Advanced Project Budgets Enhancements,,,,https://docs.oracle.com/en/cloud/saas/netsuite/ns-online-help/section_3715561461.html,https://docs.oracle.com/en/cloud/saas/netsuite/ns-online-help/section_3715561461.html,https://docs.oracle.com/en/cloud/saas/netsuite/ns-online-help/section_3715561461.html#subsect_163775127167,,,,,,,,
MS,Projects,Advanced Project Budgets Enhancements,Support for Project Intercompany Cross Charge Request Now Available,,,Purple,1,#9949C0,#9F5CC0,#B27CCC,#C59DD9,#D8BDE5,#EBDEF2,,,,,,,Enable,Enable,Enable,Enable,Enable,Enable,0,0,0,0,0,0,Management Services,Projects,Advanced Project Budgets Enhancements,Support for Project Intercompany Cross Charge Request Now Available,,,,https://docs.oracle.com/en/cloud/saas/netsuite/ns-online-help/section_3715561461.html,https://docs.oracle.com/en/cloud/saas/netsuite/ns-online-help/section_3715561461.html,https://docs.oracle.com/en/cloud/saas/netsuite/ns-online-help/section_3715561461.html#subsect_163697600227,,,,,,,,
MS,Projects,File Drag and Drop Enhancement,File Drag and Drop Enhancement,,,Purple,1,#9949C0,#9F5CC0,#B27CCC,#C59DD9,#D8BDE5,#EBDEF2,,,,,,,Enable,Enable,Enable,Enable,Enable,Enable,0,0,0,0,0,0,Management Services,Projects,File Drag and Drop Enhancement,File Drag and Drop Enhancement,,,,https://docs.oracle.com/en/cloud/saas/netsuite/ns-online-help/section_3715561461.html,https://docs.oracle.com/en/cloud/saas/netsuite/ns-online-help/section_1508779004.html,https://docs.oracle.com/en/cloud/saas/netsuite/ns-online-help/section_1508779004.html#subsect_163698043064,,,,,,,,
MS,Projects,File Drag and Drop Enhancement,Invoice Presentation Template,,,Purple,1,#9949C0,#9F5CC0,#B27CCC,#C59DD9,#D8BDE5,#EBDEF2,,,,,,,Enable,Enable,Enable,Enable,Enable,Enable,0,0,0,0,0,0,Management Services,Projects,File Drag and Drop Enhancement,Invoice Presentation Template,,,,https://docs.oracle.com/en/cloud/saas/netsuite/ns-online-help/section_3715561461.html,https://docs.oracle.com/en/cloud/saas/netsuite/ns-online-help/section_1508779004.html,https://docs.oracle.com/en/cloud/saas/netsuite/ns-online-help/section_1508779004.html#subsect_164785247600,,,,,,,,
MS,Projects,File Drag and Drop Enhancement,Project 360 Dashboard Now Available,,,Purple,1,#9949C0,#9F5CC0,#B27CCC,#C59DD9,#D8BDE5,#EBDEF2,,,,,,,Enable,Enable,Enable,Enable,Enable,Enable,0,0,0,0,0,0,Management Services,Projects,File Drag and Drop Enhancement,Project 360 Dashboard Now Available,,,,https://docs.oracle.com/en/cloud/saas/netsuite/ns-online-help/section_3715561461.html,https://docs.oracle.com/en/cloud/saas/netsuite/ns-online-help/section_1508779004.html,https://docs.oracle.com/en/cloud/saas/netsuite/ns-online-help/section_1508779004.html#subsect_6192122169,,,,,,,,
MS,SuiteAnalytics,Dataset Linking in the Workbook UI,Dataset Linking in the Workbook UI,,,Purple,1,#9949C0,#9F5CC0,#B27CCC,#C59DD9,#D8BDE5,#EBDEF2,,,,,,,Enable,Enable,Enable,Enable,Enable,Enable,0,0,0,0,0,0,Management Services,SuiteAnalytics,Dataset Linking in the Workbook UI,Dataset Linking in the Workbook UI,,,,https://docs.oracle.com/en/cloud/saas/netsuite/ns-online-help/section_N3949039.html,https://docs.oracle.com/en/cloud/saas/netsuite/ns-online-help/section_N3949039.html,https://docs.oracle.com/en/cloud/saas/netsuite/ns-online-help/section_N3949039.html#subsect_163769840121,,,,,,,,
MS,SuiteAnalytics,Dataset Linking in the Workbook UI,Static Data Model Now Available for NetSuite2.com Data Source,,,Purple,1,#9949C0,#9F5CC0,#B27CCC,#C59DD9,#D8BDE5,#EBDEF2,,,,,,,Enable,Enable,Enable,Enable,Enable,Enable,0,0,0,0,0,0,Management Services,SuiteAnalytics,Dataset Linking in the Workbook UI,Static Data Model Now Available for NetSuite2.com Data Source,,,,https://docs.oracle.com/en/cloud/saas/netsuite/ns-online-help/section_N3949039.html,https://docs.oracle.com/en/cloud/saas/netsuite/ns-online-help/section_N3949039.html,https://docs.oracle.com/en/cloud/saas/netsuite/ns-online-help/section_N3949039.html#subsect_164484882493,,,,,,,,
MS,SuiteAnalytics,Dataset Linking in the Workbook UI,Record Types for the Analytics Data Source,,,Purple,1,#9949C0,#9F5CC0,#B27CCC,#C59DD9,#D8BDE5,#EBDEF2,,,,,,,Enable,Enable,Enable,Enable,Enable,Enable,0,0,0,0,0,0,Management Services,SuiteAnalytics,Dataset Linking in the Workbook UI,Record Types for the Analytics Data Source,,,,https://docs.oracle.com/en/cloud/saas/netsuite/ns-online-help/section_N3949039.html,https://docs.oracle.com/en/cloud/saas/netsuite/ns-online-help/section_N3949039.html,https://docs.oracle.com/en/cloud/saas/netsuite/ns-online-help/section_N3949039.html#subsect_163940766255,,,,,,,,
MS,SuiteAnalytics,Dataset Linking in the Workbook UI,Required Update of SuiteAnalytics Connect Drivers,,,Purple,1,#9949C0,#9F5CC0,#B27CCC,#C59DD9,#D8BDE5,#EBDEF2,,,,,,,Enable,Enable,Enable,Enable,Enable,Enable,0,0,0,0,0,0,Management Services,SuiteAnalytics,Dataset Linking in the Workbook UI,Required Update of SuiteAnalytics Connect Drivers,,,,https://docs.oracle.com/en/cloud/saas/netsuite/ns-online-help/section_N3949039.html,https://docs.oracle.com/en/cloud/saas/netsuite/ns-online-help/section_N3949039.html,https://docs.oracle.com/en/cloud/saas/netsuite/ns-online-help/section_N3949039.html#subsect_164578775005,,,,,,,,
MS,SuiteAnalytics,Dataset Linking in the Workbook UI,2022.1 Record Types for Connect,,,Purple,1,#9949C0,#9F5CC0,#B27CCC,#C59DD9,#D8BDE5,#EBDEF2,,,,,,,Enable,Enable,Enable,Enable,Enable,Enable,0,0,0,0,0,0,Management Services,SuiteAnalytics,Dataset Linking in the Workbook UI,2022.1 Record Types for Connect,,,,https://docs.oracle.com/en/cloud/saas/netsuite/ns-online-help/section_N3949039.html,https://docs.oracle.com/en/cloud/saas/netsuite/ns-online-help/section_N3949039.html,https://docs.oracle.com/en/cloud/saas/netsuite/ns-online-help/section_N3949039.html#subsect_163697619359,,,,,,,,
MS,SuiteAnalytics,Dataset Linking in the Workbook UI,Connect Browser No Longer Updated,,,Purple,1,#9949C0,#9F5CC0,#B27CCC,#C59DD9,#D8BDE5,#EBDEF2,,,,,,,Enable,Enable,Enable,Enable,Enable,Enable,0,0,0,0,0,0,Management Services,SuiteAnalytics,Dataset Linking in the Workbook UI,Connect Browser No Longer Updated,,,,https://docs.oracle.com/en/cloud/saas/netsuite/ns-online-help/section_N3949039.html,https://docs.oracle.com/en/cloud/saas/netsuite/ns-online-help/section_N3949039.html,https://docs.oracle.com/en/cloud/saas/netsuite/ns-online-help/section_N3949039.html#subsect_163758831247,,,,,,,,
MS,SuiteAnalytics,Dataset Linking in the Workbook UI,Custom Report Footer Filters Apply to Scheduled Reports and Reports Executed in the Background,,,Purple,1,#9949C0,#9F5CC0,#B27CCC,#C59DD9,#D8BDE5,#EBDEF2,,,,,,,Enable,Enable,Enable,Enable,Enable,Enable,0,0,0,0,0,0,Management Services,SuiteAnalytics,Dataset Linking in the Workbook UI,Custom Report Footer Filters Apply to Scheduled Reports and Reports Executed in the Background,,,,https://docs.oracle.com/en/cloud/saas/netsuite/ns-online-help/section_N3949039.html,https://docs.oracle.com/en/cloud/saas/netsuite/ns-online-help/section_N3949039.html,https://docs.oracle.com/en/cloud/saas/netsuite/ns-online-help/section_N3949039.html#subsect_163769935118,,,,,,,,
MS,SuiteAnalytics,The Analytics Data Source and SuiteAnalytics Workbook,The Analytics Data Source and SuiteAnalytics Workbook,,,Purple,1,#9949C0,#9F5CC0,#B27CCC,#C59DD9,#D8BDE5,#EBDEF2,,,,,,,Enable,Enable,Enable,Enable,Enable,Enable,0,0,0,0,0,0,Management Services,SuiteAnalytics,The Analytics Data Source and SuiteAnalytics Workbook,The Analytics Data Source and SuiteAnalytics Workbook,,,,https://docs.oracle.com/en/cloud/saas/netsuite/ns-online-help/section_N3949039.html,https://docs.oracle.com/en/cloud/saas/netsuite/ns-online-help/section_158618649135.html,https://docs.oracle.com/en/cloud/saas/netsuite/ns-online-help/section_158618649135.html,,,,,,,,
MS,SuiteAnalytics,Connecting Using a Connection String,Connecting Using a Connection String,,,Purple,1,#9949C0,#9F5CC0,#B27CCC,#C59DD9,#D8BDE5,#EBDEF2,,,,,,,Enable,Enable,Enable,Enable,Enable,Enable,0,0,0,0,0,0,Management Services,SuiteAnalytics,Connecting Using a Connection String,Connecting Using a Connection String,,,,https://docs.oracle.com/en/cloud/saas/netsuite/ns-online-help/section_N3949039.html,https://docs.oracle.com/en/cloud/saas/netsuite/ns-online-help/section_4406003916.html,https://docs.oracle.com/en/cloud/saas/netsuite/ns-online-help/section_4406003916.html,,,,,,,,
MS,SuiteAnalytics,Configuring the ODBC Data Source on Linux,Editing odbc.ini or odbc64.ini and Configuring the ODBC Data Source,,,Purple,1,#9949C0,#9F5CC0,#B27CCC,#C59DD9,#D8BDE5,#EBDEF2,,,,,,,Enable,Enable,Enable,Enable,Enable,Enable,0,0,0,0,0,0,Management Services,SuiteAnalytics,Configuring the ODBC Data Source on Linux,Editing odbc.ini or odbc64.ini and Configuring the ODBC Data Source,,,,https://docs.oracle.com/en/cloud/saas/netsuite/ns-online-help/section_N3949039.html,https://docs.oracle.com/en/cloud/saas/netsuite/ns-online-help/section_4044005623.html,https://docs.oracle.com/en/cloud/saas/netsuite/ns-online-help/section_4044005623.html#subsect_162212228882,,,,,,,,
MS,SuiteAnalytics,Configuring the ODBC Data Source on Linux,Adding an ODBC Data Source,,,Purple,1,#9949C0,#9F5CC0,#B27CCC,#C59DD9,#D8BDE5,#EBDEF2,,,,,,,Enable,Enable,Enable,Enable,Enable,Enable,0,0,0,0,0,0,Management Services,SuiteAnalytics,Configuring the ODBC Data Source on Linux,Adding an ODBC Data Source,,,,https://docs.oracle.com/en/cloud/saas/netsuite/ns-online-help/section_N3949039.html,https://docs.oracle.com/en/cloud/saas/netsuite/ns-online-help/section_4044005623.html,https://docs.oracle.com/en/cloud/saas/netsuite/ns-online-help/section_4044005623.html#subsect_162212460230,,,,,,,,
MS,SuiteAnalytics,Determining Your Connect Driver Version,ODBC and ADO.NET Drivers on Windows,,,Purple,1,#9949C0,#9F5CC0,#B27CCC,#C59DD9,#D8BDE5,#EBDEF2,,,,,,,Enable,Enable,Enable,Enable,Enable,Enable,0,0,0,0,0,0,Management Services,SuiteAnalytics,Determining Your Connect Driver Version,ODBC and ADO.NET Drivers on Windows,,,,https://docs.oracle.com/en/cloud/saas/netsuite/ns-online-help/section_N3949039.html,https://docs.oracle.com/en/cloud/saas/netsuite/ns-online-help/section_4525081472.html,https://docs.oracle.com/en/cloud/saas/netsuite/ns-online-help/section_4525081472.html#subsect_59160951498,,,,,,,,
MS,SuiteAnalytics,Determining Your Connect Driver Version,JDBC Drivers on Windows,,,Purple,1,#9949C0,#9F5CC0,#B27CCC,#C59DD9,#D8BDE5,#EBDEF2,,,,,,,Enable,Enable,Enable,Enable,Enable,Enable,0,0,0,0,0,0,Management Services,SuiteAnalytics,Determining Your Connect Driver Version,JDBC Drivers on Windows,,,,https://docs.oracle.com/en/cloud/saas/netsuite/ns-online-help/section_N3949039.html,https://docs.oracle.com/en/cloud/saas/netsuite/ns-online-help/section_4525081472.html,https://docs.oracle.com/en/cloud/saas/netsuite/ns-online-help/section_4525081472.html#subsect_64160959948,,,,,,,,
MS,SuiteAnalytics,Determining Your Connect Driver Version,ODBC Drivers on Linux,,,Purple,1,#9949C0,#9F5CC0,#B27CCC,#C59DD9,#D8BDE5,#EBDEF2,,,,,,,Enable,Enable,Enable,Enable,Enable,Enable,0,0,0,0,0,0,Management Services,SuiteAnalytics,Determining Your Connect Driver Version,ODBC Drivers on Linux,,,,https://docs.oracle.com/en/cloud/saas/netsuite/ns-online-help/section_N3949039.html,https://docs.oracle.com/en/cloud/saas/netsuite/ns-online-help/section_4525081472.html,https://docs.oracle.com/en/cloud/saas/netsuite/ns-online-help/section_4525081472.html#subsect_27161025448,,,,,,,,
MS,SuiteAnalytics,Determining Your Connect Driver Version,JDBC Drivers on Linux,,,Purple,1,#9949C0,#9F5CC0,#B27CCC,#C59DD9,#D8BDE5,#EBDEF2,,,,,,,Enable,Enable,Enable,Enable,Enable,Enable,0,0,0,0,0,0,Management Services,SuiteAnalytics,Determining Your Connect Driver Version,JDBC Drivers on Linux,,,,https://docs.oracle.com/en/cloud/saas/netsuite/ns-online-help/section_N3949039.html,https://docs.oracle.com/en/cloud/saas/netsuite/ns-online-help/section_4525081472.html,https://docs.oracle.com/en/cloud/saas/netsuite/ns-online-help/section_4525081472.html#subsect_56161109964,,,,,,,,
MS,SuiteAnalytics,Determining Your Connect Driver Version,OS X,,,Purple,1,#9949C0,#9F5CC0,#B27CCC,#C59DD9,#D8BDE5,#EBDEF2,,,,,,,Enable,Enable,Enable,Enable,Enable,Enable,0,0,0,0,0,0,Management Services,SuiteAnalytics,Determining Your Connect Driver Version,OS X,,,,https://docs.oracle.com/en/cloud/saas/netsuite/ns-online-help/section_N3949039.html,https://docs.oracle.com/en/cloud/saas/netsuite/ns-online-help/section_4525081472.html,https://docs.oracle.com/en/cloud/saas/netsuite/ns-online-help/section_4525081472.html#subsect_82161113470,,,,,,,,
MS,SuiteAnalytics,Determining Your Connect Driver Version,Verifying the SHA256 checksum on Windows,,,Purple,1,#9949C0,#9F5CC0,#B27CCC,#C59DD9,#D8BDE5,#EBDEF2,,,,,,,Enable,Enable,Enable,Enable,Enable,Enable,0,0,0,0,0,0,Management Services,SuiteAnalytics,Determining Your Connect Driver Version,Verifying the SHA256 checksum on Windows,,,,https://docs.oracle.com/en/cloud/saas/netsuite/ns-online-help/section_N3949039.html,https://docs.oracle.com/en/cloud/saas/netsuite/ns-online-help/section_4525081472.html,https://docs.oracle.com/en/cloud/saas/netsuite/ns-online-help/section_4525081472.html#subsect_59161410624,,,,,,,,
MS,SuiteAnalytics,Determining Your Connect Driver Version,Verifying the SHA256 checksum on Linux or OS X,,,Purple,1,#9949C0,#9F5CC0,#B27CCC,#C59DD9,#D8BDE5,#EBDEF2,,,,,,,Enable,Enable,Enable,Enable,Enable,Enable,0,0,0,0,0,0,Management Services,SuiteAnalytics,Determining Your Connect Driver Version,Verifying the SHA256 checksum on Linux or OS X,,,,https://docs.oracle.com/en/cloud/saas/netsuite/ns-online-help/section_N3949039.html,https://docs.oracle.com/en/cloud/saas/netsuite/ns-online-help/section_4525081472.html,https://docs.oracle.com/en/cloud/saas/netsuite/ns-online-help/section_4525081472.html#subsect_91161405573,,,,,,,,
MS,SuiteAnalytics,JDBC Connection Properties,JDBC Connection Properties,,,Purple,1,#9949C0,#9F5CC0,#B27CCC,#C59DD9,#D8BDE5,#EBDEF2,,,,,,,Enable,Enable,Enable,Enable,Enable,Enable,0,0,0,0,0,0,Management Services,SuiteAnalytics,JDBC Connection Properties,JDBC Connection Properties,,,,https://docs.oracle.com/en/cloud/saas/netsuite/ns-online-help/section_N3949039.html,https://docs.oracle.com/en/cloud/saas/netsuite/ns-online-help/section_4425626714.html,https://docs.oracle.com/en/cloud/saas/netsuite/ns-online-help/section_4425626714.html,,,,,,,,
MS,SuiteAnalytics,Downloading and Installing the ODBC Driver for Windows,Downloading and Installing the ODBC Driver for Windows,,,Purple,1,#9949C0,#9F5CC0,#B27CCC,#C59DD9,#D8BDE5,#EBDEF2,,,,,,,Enable,Enable,Enable,Enable,Enable,Enable,0,0,0,0,0,0,Management Services,SuiteAnalytics,Downloading and Installing the ODBC Driver for Windows,Downloading and Installing the ODBC Driver for Windows,,,,https://docs.oracle.com/en/cloud/saas/netsuite/ns-online-help/section_N3949039.html,https://docs.oracle.com/en/cloud/saas/netsuite/ns-online-help/section_3963853203.html,https://docs.oracle.com/en/cloud/saas/netsuite/ns-online-help/section_3963853203.html,,,,,,,,
MS,SuiteAnalytics,Downloading and Installing the ODBC Driver for Linux,Downloading and Installing the ODBC Driver for Linux,,,Purple,1,#9949C0,#9F5CC0,#B27CCC,#C59DD9,#D8BDE5,#EBDEF2,,,,,,,Enable,Enable,Enable,Enable,Enable,Enable,0,0,0,0,0,0,Management Services,SuiteAnalytics,Downloading and Installing the ODBC Driver for Linux,Downloading and Installing the ODBC Driver for Linux,,,,https://docs.oracle.com/en/cloud/saas/netsuite/ns-online-help/section_N3949039.html,https://docs.oracle.com/en/cloud/saas/netsuite/ns-online-help/section_4042973030.html,https://docs.oracle.com/en/cloud/saas/netsuite/ns-online-help/section_4042973030.html,,,,,,,,
MS,SuiteAnalytics,Authentication Using Server Certificates for ODBC,Determining the Required Actions for your Driver and Operating System,,,Purple,1,#9949C0,#9F5CC0,#B27CCC,#C59DD9,#D8BDE5,#EBDEF2,,,,,,,Enable,Enable,Enable,Enable,Enable,Enable,0,0,0,0,0,0,Management Services,SuiteAnalytics,Authentication Using Server Certificates for ODBC,Determining the Required Actions for your Driver and Operating System,,,,https://docs.oracle.com/en/cloud/saas/netsuite/ns-online-help/section_N3949039.html,https://docs.oracle.com/en/cloud/saas/netsuite/ns-online-help/section_4041410260.html,https://docs.oracle.com/en/cloud/saas/netsuite/ns-online-help/section_4041410260.html#subsect_156898750333,,,,,,,,
MS,SuiteAnalytics,Authentication Using Server Certificates for ODBC,Adding the Required Security Certificates to the Certificates Store,,,Purple,1,#9949C0,#9F5CC0,#B27CCC,#C59DD9,#D8BDE5,#EBDEF2,,,,,,,Enable,Enable,Enable,Enable,Enable,Enable,0,0,0,0,0,0,Management Services,SuiteAnalytics,Authentication Using Server Certificates for ODBC,Adding the Required Security Certificates to the Certificates Store,,,,https://docs.oracle.com/en/cloud/saas/netsuite/ns-online-help/section_N3949039.html,https://docs.oracle.com/en/cloud/saas/netsuite/ns-online-help/section_4041410260.html,https://docs.oracle.com/en/cloud/saas/netsuite/ns-online-help/section_4041410260.html#subsect_156898752428,,,,,,,,
MS,SuiteAnalytics,Accessing the Connect Service Using a JDBC Driver,Accessing the Connect Service Using a JDBC Driver,,,Purple,1,#9949C0,#9F5CC0,#B27CCC,#C59DD9,#D8BDE5,#EBDEF2,,,,,,,Enable,Enable,Enable,Enable,Enable,Enable,0,0,0,0,0,0,Management Services,SuiteAnalytics,Accessing the Connect Service Using a JDBC Driver,Accessing the Connect Service Using a JDBC Driver,,,,https://docs.oracle.com/en/cloud/saas/netsuite/ns-online-help/section_N3949039.html,https://docs.oracle.com/en/cloud/saas/netsuite/ns-online-help/section_3994742720.html,https://docs.oracle.com/en/cloud/saas/netsuite/ns-online-help/section_3994742720.html,,,,,,,,
MS,SuiteScript,2022.1 SuiteScript Record Exposures,2022.1 SuiteScript Record Exposures,,,Purple,1,#9949C0,#9F5CC0,#B27CCC,#C59DD9,#D8BDE5,#EBDEF2,,,,,,,Enable,Enable,Enable,Enable,Enable,Enable,0,0,0,0,0,0,Management Services,SuiteScript,2022.1 SuiteScript Record Exposures,2022.1 SuiteScript Record Exposures,,,,https://docs.oracle.com/en/cloud/saas/netsuite/ns-online-help/section_N3949604.html,https://docs.oracle.com/en/cloud/saas/netsuite/ns-online-help/section_N3949604.html,https://docs.oracle.com/en/cloud/saas/netsuite/ns-online-help/section_N3949604.html#subsect_163947062928,,,,,,,,
MS,SuiteScript,2022.1 SuiteScript Record Exposures,2022.1 SuiteScript Records Browser,,,Purple,1,#9949C0,#9F5CC0,#B27CCC,#C59DD9,#D8BDE5,#EBDEF2,,,,,,,Enable,Enable,Enable,Enable,Enable,Enable,0,0,0,0,0,0,Management Services,SuiteScript,2022.1 SuiteScript Record Exposures,2022.1 SuiteScript Records Browser,,,,https://docs.oracle.com/en/cloud/saas/netsuite/ns-online-help/section_N3949604.html,https://docs.oracle.com/en/cloud/saas/netsuite/ns-online-help/section_N3949604.html,https://docs.oracle.com/en/cloud/saas/netsuite/ns-online-help/section_N3949604.html#subsect_163758529203,,,,,,,,
MS,SuiteScript,Planning View,Prerequisites,,,Purple,1,#9949C0,#9F5CC0,#B27CCC,#C59DD9,#D8BDE5,#EBDEF2,,,,,,,Enable,Enable,Enable,Enable,Enable,Enable,0,0,0,0,0,0,Management Services,SuiteScript,Planning View,Prerequisites,,,,https://docs.oracle.com/en/cloud/saas/netsuite/ns-online-help/section_N3949604.html,https://docs.oracle.com/en/cloud/saas/netsuite/ns-online-help/section_164804606939.html,https://docs.oracle.com/en/cloud/saas/netsuite/ns-online-help/section_164804606939.html#subsect_164804700443,,,,,,,,
MS,SuiteScript,Planning View,Supported Script Types,,,Purple,1,#9949C0,#9F5CC0,#B27CCC,#C59DD9,#D8BDE5,#EBDEF2,,,,,,,Enable,Enable,Enable,Enable,Enable,Enable,0,0,0,0,0,0,Management Services,SuiteScript,Planning View,Supported Script Types,,,,https://docs.oracle.com/en/cloud/saas/netsuite/ns-online-help/section_N3949604.html,https://docs.oracle.com/en/cloud/saas/netsuite/ns-online-help/section_164804606939.html,https://docs.oracle.com/en/cloud/saas/netsuite/ns-online-help/section_164804606939.html#subsect_164804693103,,,,,,,,
MS,SuiteScript,Planning View,Supported Functions,,,Purple,1,#9949C0,#9F5CC0,#B27CCC,#C59DD9,#D8BDE5,#EBDEF2,,,,,,,Enable,Enable,Enable,Enable,Enable,Enable,0,0,0,0,0,0,Management Services,SuiteScript,Planning View,Supported Functions,,,,https://docs.oracle.com/en/cloud/saas/netsuite/ns-online-help/section_N3949604.html,https://docs.oracle.com/en/cloud/saas/netsuite/ns-online-help/section_164804606939.html,https://docs.oracle.com/en/cloud/saas/netsuite/ns-online-help/section_164804606939.html#subsect_164804697710,,,,,,,,
MS,SuiteScript,Planning View,Code Samples,,,Purple,1,#9949C0,#9F5CC0,#B27CCC,#C59DD9,#D8BDE5,#EBDEF2,,,,,,,Enable,Enable,Enable,Enable,Enable,Enable,0,0,0,0,0,0,Management Services,SuiteScript,Planning View,Code Samples,,,,https://docs.oracle.com/en/cloud/saas/netsuite/ns-online-help/section_N3949604.html,https://docs.oracle.com/en/cloud/saas/netsuite/ns-online-help/section_164804606939.html,https://docs.oracle.com/en/cloud/saas/netsuite/ns-online-help/section_164804606939.html#subsect_164804708501,,,,,,,,
MS,SuiteScript,Project Intercompany Cross Charge Request,Project Intercompany Cross Charge Request,,,Purple,1,#9949C0,#9F5CC0,#B27CCC,#C59DD9,#D8BDE5,#EBDEF2,,,,,,,Enable,Enable,Enable,Enable,Enable,Enable,0,0,0,0,0,0,Management Services,SuiteScript,Project Intercompany Cross Charge Request,Project Intercompany Cross Charge Request,,,,https://docs.oracle.com/en/cloud/saas/netsuite/ns-online-help/section_N3949604.html,https://docs.oracle.com/en/cloud/saas/netsuite/ns-online-help/section_164458068956.html,https://docs.oracle.com/en/cloud/saas/netsuite/ns-online-help/section_164458068956.html,,,,,,,,
MS,SuiteTalk Web Services Integration,Fully Supported Record Types for REST Web Services in 2022.1,Fully Supported Record Types for REST Web Services in 2022.1,,,Purple,1,#9949C0,#9F5CC0,#B27CCC,#C59DD9,#D8BDE5,#EBDEF2,,,,,,,Enable,Enable,Enable,Enable,Enable,Enable,0,0,0,0,0,0,Management Services,SuiteTalk Web Services Integration,Fully Supported Record Types for REST Web Services in 2022.1,Fully Supported Record Types for REST Web Services in 2022.1,,,,https://docs.oracle.com/en/cloud/saas/netsuite/ns-online-help/section_N3950559.html,https://docs.oracle.com/en/cloud/saas/netsuite/ns-online-help/section_N3950559.html,https://docs.oracle.com/en/cloud/saas/netsuite/ns-online-help/section_N3950559.html#subsect_163758275356,,,,,,,,
MS,SuiteTalk Web Services Integration,Fully Supported Record Types for REST Web Services in 2022.1,Asynchronous Request Execution Is Generally Available,,,Purple,1,#9949C0,#9F5CC0,#B27CCC,#C59DD9,#D8BDE5,#EBDEF2,,,,,,,Enable,Enable,Enable,Enable,Enable,Enable,0,0,0,0,0,0,Management Services,SuiteTalk Web Services Integration,Fully Supported Record Types for REST Web Services in 2022.1,Asynchronous Request Execution Is Generally Available,,,,https://docs.oracle.com/en/cloud/saas/netsuite/ns-online-help/section_N3950559.html,https://docs.oracle.com/en/cloud/saas/netsuite/ns-online-help/section_N3950559.html,https://docs.oracle.com/en/cloud/saas/netsuite/ns-online-help/section_N3950559.html#subsect_163758301314,,,,,,,,
MS,SuiteTalk Web Services Integration,Fully Supported Record Types for REST Web Services in 2022.1,SOAP Web Services Version 2022.1,,,Purple,1,#9949C0,#9F5CC0,#B27CCC,#C59DD9,#D8BDE5,#EBDEF2,,,,,,,Enable,Enable,Enable,Enable,Enable,Enable,0,0,0,0,0,0,Management Services,SuiteTalk Web Services Integration,Fully Supported Record Types for REST Web Services in 2022.1,SOAP Web Services Version 2022.1,,,,https://docs.oracle.com/en/cloud/saas/netsuite/ns-online-help/section_N3950559.html,https://docs.oracle.com/en/cloud/saas/netsuite/ns-online-help/section_N3950559.html,https://docs.oracle.com/en/cloud/saas/netsuite/ns-online-help/section_N3950559.html#subsect_163706286576,,,,,,,,
MS,SuiteTalk Web Services Integration,Fully Supported Record Types for REST Web Services in 2022.1,Araxis Merge Diff File for the 2022.1 Endpoint,,,Purple,1,#9949C0,#9F5CC0,#B27CCC,#C59DD9,#D8BDE5,#EBDEF2,,,,,,,Enable,Enable,Enable,Enable,Enable,Enable,0,0,0,0,0,0,Management Services,SuiteTalk Web Services Integration,Fully Supported Record Types for REST Web Services in 2022.1,Araxis Merge Diff File for the 2022.1 Endpoint,,,,https://docs.oracle.com/en/cloud/saas/netsuite/ns-online-help/section_N3950559.html,https://docs.oracle.com/en/cloud/saas/netsuite/ns-online-help/section_N3950559.html,https://docs.oracle.com/en/cloud/saas/netsuite/ns-online-help/section_N3950559.html#subsect_163706303551,,,,,,,,
MS,SuiteTalk Web Services Integration,Fully Supported Record Types for REST Web Services in 2022.1,2022.1 SOAP Schema Browser,,,Purple,1,#9949C0,#9F5CC0,#B27CCC,#C59DD9,#D8BDE5,#EBDEF2,,,,,,,Enable,Enable,Enable,Enable,Enable,Enable,0,0,0,0,0,0,Management Services,SuiteTalk Web Services Integration,Fully Supported Record Types for REST Web Services in 2022.1,2022.1 SOAP Schema Browser,,,,https://docs.oracle.com/en/cloud/saas/netsuite/ns-online-help/section_N3950559.html,https://docs.oracle.com/en/cloud/saas/netsuite/ns-online-help/section_N3950559.html,https://docs.oracle.com/en/cloud/saas/netsuite/ns-online-help/section_N3950559.html#subsect_163706317961,,,,,,,,
MS,SuiteTalk Web Services Integration,Assembly Item,Record ID,,,Purple,1,#9949C0,#9F5CC0,#B27CCC,#C59DD9,#D8BDE5,#EBDEF2,,,,,,,Enable,Enable,Enable,Enable,Enable,Enable,0,0,0,0,0,0,Management Services,SuiteTalk Web Services Integration,Assembly Item,Record ID,,,,https://docs.oracle.com/en/cloud/saas/netsuite/ns-online-help/section_N3950559.html,https://docs.oracle.com/en/cloud/saas/netsuite/ns-online-help/section_164614354019.html,https://docs.oracle.com/en/cloud/saas/netsuite/ns-online-help/section_164614354019.html#subsect_164622419578,,,,,,,,
MS,SuiteTalk Web Services Integration,Assembly Item,Prerequisites,,,Purple,1,#9949C0,#9F5CC0,#B27CCC,#C59DD9,#D8BDE5,#EBDEF2,,,,,,,Enable,Enable,Enable,Enable,Enable,Enable,0,0,0,0,0,0,Management Services,SuiteTalk Web Services Integration,Assembly Item,Prerequisites,,,,https://docs.oracle.com/en/cloud/saas/netsuite/ns-online-help/section_N3950559.html,https://docs.oracle.com/en/cloud/saas/netsuite/ns-online-help/section_164614354019.html,https://docs.oracle.com/en/cloud/saas/netsuite/ns-online-help/section_164614354019.html#subsect_164622421171,,,,,,,,
MS,SuiteTalk Web Services Integration,Assembly Item,Inaccessible Elements,,,Purple,1,#9949C0,#9F5CC0,#B27CCC,#C59DD9,#D8BDE5,#EBDEF2,,,,,,,Enable,Enable,Enable,Enable,Enable,Enable,0,0,0,0,0,0,Management Services,SuiteTalk Web Services Integration,Assembly Item,Inaccessible Elements,,,,https://docs.oracle.com/en/cloud/saas/netsuite/ns-online-help/section_N3950559.html,https://docs.oracle.com/en/cloud/saas/netsuite/ns-online-help/section_164614354019.html,https://docs.oracle.com/en/cloud/saas/netsuite/ns-online-help/section_164614354019.html#subsect_164622422927,,,,,,,,
MS,SuiteTalk Web Services Integration,Assembly Item,Elements with Different Functionality,,,Purple,1,#9949C0,#9F5CC0,#B27CCC,#C59DD9,#D8BDE5,#EBDEF2,,,,,,,Enable,Enable,Enable,Enable,Enable,Enable,0,0,0,0,0,0,Management Services,SuiteTalk Web Services Integration,Assembly Item,Elements with Different Functionality,,,,https://docs.oracle.com/en/cloud/saas/netsuite/ns-online-help/section_N3950559.html,https://docs.oracle.com/en/cloud/saas/netsuite/ns-online-help/section_164614354019.html,https://docs.oracle.com/en/cloud/saas/netsuite/ns-online-help/section_164614354019.html#subsect_164622425233,,,,,,,,
MS,SuiteTalk Web Services Integration,Assembly Item,Code Samples,,,Purple,1,#9949C0,#9F5CC0,#B27CCC,#C59DD9,#D8BDE5,#EBDEF2,,,,,,,Enable,Enable,Enable,Enable,Enable,Enable,0,0,0,0,0,0,Management Services,SuiteTalk Web Services Integration,Assembly Item,Code Samples,,,,https://docs.oracle.com/en/cloud/saas/netsuite/ns-online-help/section_N3950559.html,https://docs.oracle.com/en/cloud/saas/netsuite/ns-online-help/section_164614354019.html,https://docs.oracle.com/en/cloud/saas/netsuite/ns-online-help/section_164614354019.html#subsect_164622427578,,,,,,,,
MS,SuiteTalk Web Services Integration,SOAP Schema Browser,SOAP Schema Browser,,,Purple,1,#9949C0,#9F5CC0,#B27CCC,#C59DD9,#D8BDE5,#EBDEF2,,,,,,,Enable,Enable,Enable,Enable,Enable,Enable,0,0,0,0,0,0,Management Services,SuiteTalk Web Services Integration,SOAP Schema Browser,SOAP Schema Browser,,,,https://docs.oracle.com/en/cloud/saas/netsuite/ns-online-help/section_N3950559.html,https://docs.oracle.com/en/cloud/saas/netsuite/ns-online-help/section_N3639052.html,https://docs.oracle.com/en/cloud/saas/netsuite/ns-online-help/section_N3639052.html,,,,,,,,
SA,Globalization,Paired Intercompany Transactions Enhancement,Paired Intercompany Transactions Enhancement,,,Teal,1,#23A796,#34A798,#5CB8AC,#85CAC1,#ADDBD5,#D6EDEA,,,,,,,Enable,Enable,Enable,Enable,Enable,Enable,0,0,0,0,0,0,SuiteApps,Globalization,Paired Intercompany Transactions Enhancement,Paired Intercompany Transactions Enhancement,,,,https://docs.oracle.com/en/cloud/saas/netsuite/ns-online-help/section_158921892460.html,https://docs.oracle.com/en/cloud/saas/netsuite/ns-online-help/section_158921892460.html,https://docs.oracle.com/en/cloud/saas/netsuite/ns-online-help/section_158921892460.html#subsect_164130914647,,,,,,,,
SA,Mobile,NetSuite for iOS Record List Changes,NetSuite for iOS Record List Changes,,,Teal,1,#23A796,#34A798,#5CB8AC,#85CAC1,#ADDBD5,#D6EDEA,,,,,,,Enable,Enable,Enable,Enable,Enable,Enable,0,0,0,0,0,0,SuiteApps,Mobile,NetSuite for iOS Record List Changes,NetSuite for iOS Record List Changes,,,,https://docs.oracle.com/en/cloud/saas/netsuite/ns-online-help/section_156413618375.html,https://docs.oracle.com/en/cloud/saas/netsuite/ns-online-help/section_156413618375.html,https://docs.oracle.com/en/cloud/saas/netsuite/ns-online-help/section_156413618375.html#subsect_163697584405,,,,,,,,
SA,SuiteApp Distribution,Bundle Support During Release Phasing,Bundle Support During Release Phasing,,,Teal,1,#23A796,#34A798,#5CB8AC,#85CAC1,#ADDBD5,#D6EDEA,,,,,,,Enable,Enable,Enable,Enable,Enable,Enable,0,0,0,0,0,0,SuiteApps,SuiteApp Distribution,Bundle Support During Release Phasing,Bundle Support During Release Phasing,,,,https://docs.oracle.com/en/cloud/saas/netsuite/ns-online-help/section_N3946132.html,https://docs.oracle.com/en/cloud/saas/netsuite/ns-online-help/section_N3946132.html,https://docs.oracle.com/en/cloud/saas/netsuite/ns-online-help/section_N3946132.html#subsect_162144550104,,,,,,,,
SA,SuiteApp Distribution,Bundle Support During Release Phasing,SuiteBundler No Longer Receiving Feature Updates,,,Teal,1,#23A796,#34A798,#5CB8AC,#85CAC1,#ADDBD5,#D6EDEA,,,,,,,Enable,Enable,Enable,Enable,Enable,Enable,0,0,0,0,0,0,SuiteApps,SuiteApp Distribution,Bundle Support During Release Phasing,SuiteBundler No Longer Receiving Feature Updates,,,,https://docs.oracle.com/en/cloud/saas/netsuite/ns-online-help/section_N3946132.html,https://docs.oracle.com/en/cloud/saas/netsuite/ns-online-help/section_N3946132.html,https://docs.oracle.com/en/cloud/saas/netsuite/ns-online-help/section_N3946132.html#subsect_162704401727,,,,,,,,
SA,SuiteCloud SDK,SuiteCloud CLI for Node.js Compatibility with Node.js 16,SuiteCloud CLI for Node.js Compatibility with Node.js 16,,,Teal,1,#23A796,#34A798,#5CB8AC,#85CAC1,#ADDBD5,#D6EDEA,,,,,,,Enable,Enable,Enable,Enable,Enable,Enable,0,0,0,0,0,0,SuiteApps,SuiteCloud SDK,SuiteCloud CLI for Node.js Compatibility with Node.js 16,SuiteCloud CLI for Node.js Compatibility with Node.js 16,,,,https://docs.oracle.com/en/cloud/saas/netsuite/ns-online-help/section_1558730192.html,https://docs.oracle.com/en/cloud/saas/netsuite/ns-online-help/section_1558730192.html,https://docs.oracle.com/en/cloud/saas/netsuite/ns-online-help/section_1558730192.html#subsect_164882298299,,,,,,,,
SA,SuiteCloud SDK,SuiteCloud CLI for Node.js Compatibility with Node.js 16,2022.1 SuiteCloud IDE Plug-in for WebStorm Is Now Available,,,Teal,1,#23A796,#34A798,#5CB8AC,#85CAC1,#ADDBD5,#D6EDEA,,,,,,,Enable,Enable,Enable,Enable,Enable,Enable,0,0,0,0,0,0,SuiteApps,SuiteCloud SDK,SuiteCloud CLI for Node.js Compatibility with Node.js 16,2022.1 SuiteCloud IDE Plug-in for WebStorm Is Now Available,,,,https://docs.oracle.com/en/cloud/saas/netsuite/ns-online-help/section_1558730192.html,https://docs.oracle.com/en/cloud/saas/netsuite/ns-online-help/section_1558730192.html,https://docs.oracle.com/en/cloud/saas/netsuite/ns-online-help/section_1558730192.html#subsect_163707376796,,,,,,,,
SA,SuiteCloud SDK,SuiteCloud CLI for Node.js Compatibility with Node.js 16,2022.1 SuiteCloud CLI for Java Is Now Available,,,Teal,1,#23A796,#34A798,#5CB8AC,#85CAC1,#ADDBD5,#D6EDEA,,,,,,,Enable,Enable,Enable,Enable,Enable,Enable,0,0,0,0,0,0,SuiteApps,SuiteCloud SDK,SuiteCloud CLI for Node.js Compatibility with Node.js 16,2022.1 SuiteCloud CLI for Java Is Now Available,,,,https://docs.oracle.com/en/cloud/saas/netsuite/ns-online-help/section_1558730192.html,https://docs.oracle.com/en/cloud/saas/netsuite/ns-online-help/section_1558730192.html,https://docs.oracle.com/en/cloud/saas/netsuite/ns-online-help/section_1558730192.html#subsect_163707425545,,,,,,,,
SA,SuiteCloud SDK,SuiteCloud CLI for Node.js Compatibility with Node.js 16,2022.1 SuiteCloud Extension for Visual Studio Code Is Now Available,,,Teal,1,#23A796,#34A798,#5CB8AC,#85CAC1,#ADDBD5,#D6EDEA,,,,,,,Enable,Enable,Enable,Enable,Enable,Enable,0,0,0,0,0,0,SuiteApps,SuiteCloud SDK,SuiteCloud CLI for Node.js Compatibility with Node.js 16,2022.1 SuiteCloud Extension for Visual Studio Code Is Now Available,,,,https://docs.oracle.com/en/cloud/saas/netsuite/ns-online-help/section_1558730192.html,https://docs.oracle.com/en/cloud/saas/netsuite/ns-online-help/section_1558730192.html,https://docs.oracle.com/en/cloud/saas/netsuite/ns-online-help/section_1558730192.html#subsect_163707352811,,,,,,,,
SA,SuiteCloud SDK,SuiteCloud CLI for Node.js Compatibility with Node.js 16,2022.1 SuiteCloud CLI for Node.js Is Now Available,,,Teal,1,#23A796,#34A798,#5CB8AC,#85CAC1,#ADDBD5,#D6EDEA,,,,,,,Enable,Enable,Enable,Enable,Enable,Enable,0,0,0,0,0,0,SuiteApps,SuiteCloud SDK,SuiteCloud CLI for Node.js Compatibility with Node.js 16,2022.1 SuiteCloud CLI for Node.js Is Now Available,,,,https://docs.oracle.com/en/cloud/saas/netsuite/ns-online-help/section_1558730192.html,https://docs.oracle.com/en/cloud/saas/netsuite/ns-online-help/section_1558730192.html,https://docs.oracle.com/en/cloud/saas/netsuite/ns-online-help/section_1558730192.html#subsect_163707403209,,,,,,,,
SA,SuiteCloud SDK,SuiteCloud CLI for Node.js Compatibility with Node.js 16,Updated License in the SuiteCloud SDK,,,Teal,1,#23A796,#34A798,#5CB8AC,#85CAC1,#ADDBD5,#D6EDEA,,,,,,,Enable,Enable,Enable,Enable,Enable,Enable,0,0,0,0,0,0,SuiteApps,SuiteCloud SDK,SuiteCloud CLI for Node.js Compatibility with Node.js 16,Updated License in the SuiteCloud SDK,,,,https://docs.oracle.com/en/cloud/saas/netsuite/ns-online-help/section_1558730192.html,https://docs.oracle.com/en/cloud/saas/netsuite/ns-online-help/section_1558730192.html,https://docs.oracle.com/en/cloud/saas/netsuite/ns-online-help/section_1558730192.html#subsect_164337953090,,,,,,,,
SA,SuiteCloud SDK,SuiteCloud CLI for Node.js Compatibility with Node.js 16,2022.1 SuiteCloud IDE Plug-in for Eclipse Is No Longer Updated,,,Teal,1,#23A796,#34A798,#5CB8AC,#85CAC1,#ADDBD5,#D6EDEA,,,,,,,Enable,Enable,Enable,Enable,Enable,Enable,0,0,0,0,0,0,SuiteApps,SuiteCloud SDK,SuiteCloud CLI for Node.js Compatibility with Node.js 16,2022.1 SuiteCloud IDE Plug-in for Eclipse Is No Longer Updated,,,,https://docs.oracle.com/en/cloud/saas/netsuite/ns-online-help/section_1558730192.html,https://docs.oracle.com/en/cloud/saas/netsuite/ns-online-help/section_1558730192.html,https://docs.oracle.com/en/cloud/saas/netsuite/ns-online-help/section_1558730192.html#subsect_163827293877,,,,,,,,
Tax,Account Setup and Maintenance,NetSuite Upgrade Using Customer-Scheduled Maintenance,NetSuite Upgrade Using Customer-Scheduled Maintenance,,,RedOrange,1,#E87722,#ED924E,#F1AD7A,#F6C9A7,#F6C9A7,#F6C9A7,,,,,,,Enable,Enable,Enable,Enable,Enable,Enable,0,0,0,0,0,0,Taxation and User,Account Setup and Maintenance,NetSuite Upgrade Using Customer-Scheduled Maintenance,NetSuite Upgrade Using Customer-Scheduled Maintenance,,,,https://docs.oracle.com/en/cloud/saas/netsuite/ns-online-help/section_158921855128.html,https://docs.oracle.com/en/cloud/saas/netsuite/ns-online-help/section_158921855128.html,https://docs.oracle.com/en/cloud/saas/netsuite/ns-online-help/section_158921855128.html#subsect_163734899728,,,,,,,,
Tax,Account Setup and Maintenance,Record Pages Monitor Updates,Record Pages Monitor Updates,,,RedOrange,1,#E87722,#ED924E,#F1AD7A,#F6C9A7,#F6C9A7,#F6C9A7,,,,,,,Enable,Enable,Enable,Enable,Enable,Enable,0,0,0,0,0,0,Taxation and User,Account Setup and Maintenance,Record Pages Monitor Updates,Record Pages Monitor Updates,,,,https://docs.oracle.com/en/cloud/saas/netsuite/ns-online-help/section_158921855128.html,https://docs.oracle.com/en/cloud/saas/netsuite/ns-online-help/section_1508778599.html,https://docs.oracle.com/en/cloud/saas/netsuite/ns-online-help/section_1508778599.html#subsect_163697844703,,,,,,,,
Tax,Authentication,Example OAuth Header,Example OAuth Header,,,RedOrange,1,#E87722,#ED924E,#F1AD7A,#F6C9A7,#F6C9A7,#F6C9A7,,,,,,,Enable,Enable,Enable,Enable,Enable,Enable,0,0,0,0,0,0,Taxation and User,Authentication,Example OAuth Header,Example OAuth Header,,,,https://docs.oracle.com/en/cloud/saas/netsuite/ns-online-help/section_158921905537.html,https://docs.oracle.com/en/cloud/saas/netsuite/ns-online-help/section_4635758034.html,https://docs.oracle.com/en/cloud/saas/netsuite/ns-online-help/section_4635758034.html,,,,,,,,
Tax,Authentication,The Authorization Headers,Create the Authorization Header,,,RedOrange,1,#E87722,#ED924E,#F1AD7A,#F6C9A7,#F6C9A7,#F6C9A7,,,,,,,Enable,Enable,Enable,Enable,Enable,Enable,0,0,0,0,0,0,Taxation and User,Authentication,The Authorization Headers,Create the Authorization Header,,,,https://docs.oracle.com/en/cloud/saas/netsuite/ns-online-help/section_158921905537.html,https://docs.oracle.com/en/cloud/saas/netsuite/ns-online-help/section_1534941295.html,https://docs.oracle.com/en/cloud/saas/netsuite/ns-online-help/section_1534941295.html#subsect_1520630903,,,,,,,,
Tax,Authentication,The Signature for Web Services and RESTlets,Generate a Signature,,,RedOrange,1,#E87722,#ED924E,#F1AD7A,#F6C9A7,#F6C9A7,#F6C9A7,,,,,,,Enable,Enable,Enable,Enable,Enable,Enable,0,0,0,0,0,0,Taxation and User,Authentication,The Signature for Web Services and RESTlets,Generate a Signature,,,,https://docs.oracle.com/en/cloud/saas/netsuite/ns-online-help/section_158921905537.html,https://docs.oracle.com/en/cloud/saas/netsuite/ns-online-help/section_1534941088.html,https://docs.oracle.com/en/cloud/saas/netsuite/ns-online-help/section_1534941088.html#subsect_1520454477,,,,,,,,
Tax,CSV Import,Imported Employee Expense Import,Imported Employee Expense Import,,,RedOrange,1,#E87722,#ED924E,#F1AD7A,#F6C9A7,#F6C9A7,#F6C9A7,,,,,,,Enable,Enable,Enable,Enable,Enable,Enable,0,0,0,0,0,0,Taxation and User,CSV Import,Imported Employee Expense Import,Imported Employee Expense Import,,,,https://docs.oracle.com/en/cloud/saas/netsuite/ns-online-help/section_N3949069.html,https://docs.oracle.com/en/cloud/saas/netsuite/ns-online-help/section_164482935592.html,https://docs.oracle.com/en/cloud/saas/netsuite/ns-online-help/section_164482935592.html,,,,,,,,
Tax,NetSuite Connector,NetSuite Connector SuiteApp,NetSuite Connector SuiteApp,,,RedOrange,1,#E87722,#ED924E,#F1AD7A,#F6C9A7,#F6C9A7,#F6C9A7,,,,,,,Enable,Enable,Enable,Enable,Enable,Enable,0,0,0,0,0,0,Taxation and User,NetSuite Connector,NetSuite Connector SuiteApp,NetSuite Connector SuiteApp,,,,https://docs.oracle.com/en/cloud/saas/netsuite/ns-online-help/section_163530209971.html,https://docs.oracle.com/en/cloud/saas/netsuite/ns-online-help/section_163530209971.html,https://docs.oracle.com/en/cloud/saas/netsuite/ns-online-help/section_163530209971.html#subsect_163213249390,,,,,,,,
Tax,Taxation,Tax Reporting Framework Enhancements,SuiteTax SuiteApps,,,RedOrange,1,#E87722,#ED924E,#F1AD7A,#F6C9A7,#F6C9A7,#F6C9A7,,,,,,,Enable,Enable,Enable,Enable,Enable,Enable,0,0,0,0,0,0,Taxation and User,Taxation,Tax Reporting Framework Enhancements,SuiteTax SuiteApps,,,,https://docs.oracle.com/en/cloud/saas/netsuite/ns-online-help/section_4316106593.html,https://docs.oracle.com/en/cloud/saas/netsuite/ns-online-help/section_1508778763.html,https://docs.oracle.com/en/cloud/saas/netsuite/ns-online-help/section_1508778763.html#subsect_163698101373,,,,,,,,
Tax,Taxation,Tax Reporting Framework Enhancements,Legacy Tax SuiteApps,,,RedOrange,1,#E87722,#ED924E,#F1AD7A,#F6C9A7,#F6C9A7,#F6C9A7,,,,,,,Enable,Enable,Enable,Enable,Enable,Enable,0,0,0,0,0,0,Taxation and User,Taxation,Tax Reporting Framework Enhancements,Legacy Tax SuiteApps,,,,https://docs.oracle.com/en/cloud/saas/netsuite/ns-online-help/section_4316106593.html,https://docs.oracle.com/en/cloud/saas/netsuite/ns-online-help/section_1508778763.html,https://docs.oracle.com/en/cloud/saas/netsuite/ns-online-help/section_1508778763.html#subsect_163698101845,,,,,,,,
Tax,User Interface,Changes to the Custom Rich Text Editor Field,Changes to the Custom Rich Text Editor Field,,,RedOrange,1,#E87722,#ED924E,#F1AD7A,#F6C9A7,#F6C9A7,#F6C9A7,,,,,,,Enable,Enable,Enable,Enable,Enable,Enable,0,0,0,0,0,0,Taxation and User,User Interface,Changes to the Custom Rich Text Editor Field,Changes to the Custom Rich Text Editor Field,,,,https://docs.oracle.com/en/cloud/saas/netsuite/ns-online-help/section_N3945807.html,https://docs.oracle.com/en/cloud/saas/netsuite/ns-online-help/section_N3945807.html,https://docs.oracle.com/en/cloud/saas/netsuite/ns-online-help/section_N3945807.html#subsect_163697792643,,,,,,,,
